User Address,MARS in Cooldown
terra102xrq94nyp8yh2u23c54lvdx82z6dqyedrfduf,3698103636
terra104tnjc0xv9f3tugd04ynfu79exp6yh0zzwgs67,3007596506
terra10800p9fprusa55skxy2qlwf9dtsd0765nh3mmn,1719236677
terra10c3eeuk25lnaj9ga3y3aqxc3tn5cprmg9dxp8a,841828765
terra10en80k02zw67e5rk0epnm0q7hmueq2nzln26tk,678806631
terra10epul476m7wufraudp0rpxrfsy5kc9mzqanyt3,3054365305
terra10f9km4al59s53yr7fjsnvph5ggxfjuduge3a43,563447945
terra10gkz5g2n6ldhgng4j202w9n2up03h3wx26fhgu,2169595272
terra10gq0mqfqw8xrled0jkhj775fwtxpuq2u99v6yt,4379457210
terra10kp5m8k98u7jza8959dz9eak4yukc5gphudxf3,966463460
terra10ktchl60gk4f3gxktpgert3qdt9696ty9jsl5n,18477009
terra10p7tj0xjkjrgw8pu4unw06dzasmwr9tm43gjlu,340528673
terra10phwf9jde4w27na60jn5mtznrc8vq5v5aycryt,516406
terra10reah606h3zxmv467suplnv7xhglgqfqd09zsh,248229736
terra10s7t3nammv6929kwm7uw3z238gjlpuhh7c8txq,2402974059
terra10snsalpnt7waet8ry37hvp6lw9fy2anv6qsqey,106127452
terra10tv6kn75xt063k8vy37vm7qeud6p70sgq5tcxq,1154038193
terra10wrrhj0kf2yalunn4efxaqfasrmg9xrnseh8sf,448319113690
terra10yxan7x3ug0cd8qaev849edm4ajy9zfe0pm3xa,9176512512
terra10zfr089hkjuj7a5nrydv6gwypmmsy32krz7f0a,18787050
terra12377hxl772al8cea3rzj6vdgzvflpu59gncpws,14189190
terra123l5667k2awxsm2hcvgepvlh0fydw36327nw38,108995709
terra124r8setl7leswaftyelmcj7vfdxy5e5nknrmj7,999999
terra1252u8yqheu83n4xcdtvt6vt34q68uh2us385de,5128985119
terra128h7ua8gea4ftnl2h9xwy3tnd3suxmf8c27s3p,18474018
terra129vpfan7506cnxtt6ztn4gxufqa08s7g4tt28u,23153813
terra12c0gsdpjl5cwnxe3gsm930d2dluael84epkf09,299373996
terra12cy5qf32h8xedmvfhy48xp3dfeqzlndp8lyt0d,37610714
terra12dn8e53wprt7puqudn6g5xmwmdk56l7vnghrtv,273032412
terra12e98lr4kl86g48y394fxt9ygacnhvtmpwtj4qe,49724856
terra12he6pnmqtdkcm2watz787weswj27ctel7m9tjx,80077212
terra12jwxsv82t33j6yh99rn42p4ek9wtl87nu5ptdy,3698391819
terra12k6mtj227njjhywtfdd3pup9r44tx39r7dmf7u,102038400
terra12lhf7n8swe7m0kest4mruwarzjvhqycmr8fjct,89519240
terra12lpspvxfmjzttp5vckelr5986wp77yx589cxsy,298165016
terra12pyqggwggsdk0z735hrtzvfrwmhvv8wmle28xc,70173132
terra12tzp495d67zq42zwyj8rytfe2wthcgq35ftp7h,232160452
terra12ymqec0junz5enazals6w52870p6gnz66atfvf,573366976
terra12zhr3d4hkrxeyfx7dh7jq9eapyyt4r5cf6a9wx,2163509977
terra1304cdcfk8gr40y0rwvt45d03w9jfjwzcgl0kt4,347602798
terra135cfxn5f4hyn6yd40gtq753qxje8c0y8f0n7ku,1849260429
terra13725mwkg4jepz3nsfjjmn5grx7crk86vk488te,289063589
terra1373grkru6qv7upu9e9tztw3u0svnmxge8lqanw,1418273359
terra138speaaajxaslvwndfxt2uptgpz5xxttr93n7t,1251269147
terra13avee2e9a0u95u4wr2flru552fepcfyffrkkuu,186711801
terra13e6pm2u6jr8nfh6l4xlsvyhrrzg4066ywpwtx8,28072892
terra13e9r7pg02e7f5j5s50vsr5d2vk5cxdgpzrhszv,345649107
terra13et4vh6u30awed480jxaex6zp4unupzszsh080,34997175
terra13hapfherlfh6hpslspkxpv6zr2tshapuej492c,24071398
terra13hk9wdjuxg8afck5x5rwwj7t9zrfy0p8s36hf5,158852995
terra13k0ncrwj8jplswmlt7gpt8fsj6al7jq60fkhhl,59742413
terra13lhenxzg8gpmrt0rctkgje8hz78sv2pdzzlp0n,35749691
terra13njvn62dh6l266ez29j9hwduqggvnhwekzdae3,2560681194
terra13pmprr290nehtxnxpyw7jxhp2dxvr3w4zzf7ad,175737625
terra13rs57hjhdzhparpm0tqz05aq6tdzumfcpvzxsc,500184875
terra13s0nwsj84hzcmfa8hkmzghfe69d3r975vuqucq,18010000
terra13tykd3czvwpc2ngmcx9wxj3ah5cug8cvmpdskj,1034131009
terra13u5hdrw99f8agk99lpldg6u6xszpl9ujaccmzn,9247026
terra13wfg8a4n0ch6a5xunzhryuy7cyknuskg45uyvf,8388372087
terra13z0hrqzwlwrh7x95dtzpdd29f89c6lald4wv9g,419030462
terra13zwqnu0ut4ay36t4nchrr7u35h3agsmkmxf88u,18473426
terra143nl3cv60s8uyyg4m3a5se5vphv0wct6mpcadk,115718838919
terra1450agxa7hwa07cl4kdhvqk0juzjfxlnmeg4trk,1898771127
terra147smfu7ajzffhv57rh92g7zaqdvgdutvdufusr,377577722
terra148lrf70g8jwpwwc3sz0jfmfhk5m2g5k9zagjn7,52476471306
terra14aqddykks6c8j0lfkk00n2xe4mf65dsssncutc,406437416
terra14gk3nm6u2elrvr5857xmecjwy452d047zth8f3,58846523
terra14h8mkf7ueq9f7juvcsfcukdrlrdxl95s0zppet,25109718
terra14pzgev7helny856evkes2qf3csl5dr0sqjztv6,130154557
terra14rh2y85vnzdlt5ufwt6tewd8qdudxl83g8grlv,61
terra14tfxhduzkv77zv5p8zcqvhyzmcyuhh953w5snh,52988616
terra14u72zvwd0qlsznqz7ad9v24txygaydgcjxt2d8,20023820
terra14wkc2c2d75dhpllrdwpghtyxda7xkhdujyc9xu,1317118570
terra14yrfk4pdtn8p768dylqdhyrmh4udfwgel8skgf,10010537411
terra14zx3zrrw6439dxca5rcznx4h4a3g0kvrqx3sj8,4114240233
terra150v4wusx8pl4k6k43vymrq2fcxfug8sttqzqqr,123017565
terra150ya56n7nvas32fuu0mk2crg70erk7y6fxyffp,95590162
terra155r7j4kmu7ealk2mzn3vhgdc8m5hu0lv3kgthk,30403746
terra155va9z58200tf5wvx9l5nztutqg24p6s922l0g,774633664
terra15758jlerzl5d03qdc2ku63yt7ndc2ryhwsutyc,923877999
terra157l2zzuxknf6qcxgx0eyjspcmr9wt8r7xygr48,300351400
terra158xrnuv7r76mkaxdp4cyz6l3e99tw4xtyazekj,121907863
terra159fxsdmk7gqrg3fklawz24kznee9xpzt789zxj,957254859
terra15ct7vaadud8ss35a2005kljs5hzhvzd9n2we5x,380718879
terra15d9hsep8cre4xz55p5e32c46q4ektawupua42w,1046334429
terra15dhdzde9ahkp4e7ptrruvd0m0f805635r4peqf,292228725
terra15g4mraaf2s8wvm8c95a2as4zd6k4wly8uhcdqz,13859134036
terra15hmnegaqdvtsqptrt8vzuyt77vdl0jk6eeg5ln,41916514
terra15jp2f82uen66gxc24gyyzvn4awa9q7rv94gny5,166278299
terra15kcdq7g63d8sa7g8049a3uhjzr40la2vzz8wdc,3696799617
terra15kjqwscpugn0z5pht7hcj2n3fyutl52505lxmw,483236049
terra15qd66n6x7pezv8l25usryq36xa02vdg5p9nxuf,18492267
terra15qxn89809lv4l607zhhrmladx6qxga3wzj5dty,24187398
terra15sl3y3qfpxp98gk360y3aqlz4zeflfezeg8q9w,74982479
terra15u5hrvm35yhg363zrtvhzy8krxaeuajry929pw,153186333
terra15w04luvl5vsxv387a8jfamfqzr4g04a8nmjf29,148834651
terra15w2arq9v7sja77tdsas26lfwgxjtpzfdn64fk4,146460375
terra15wa0qsjzedfdqwhkmt32dsdjxfshjn66y24d0g,118686541
terra15yh8s7kwp7wz026qt0wf2fflrdlmv58ejg8fgy,10833741
terra15yqxg4akvnqarn7fe5dnt4487tcsfa4zvzccn9,1014869155
terra160h7wdmr37txvuw6tqg8ag76vzr47uwfrdc3ra,1066396935
terra16244jlddcs8d7p4px9uexw8arc7ykxyg3l2av8,155116419
terra167g0jngnqlc30e3nv9yx6t8yzdgjz8qkfpx2ry,728742318
terra167g48dep9kv8ucf58fq6xfkmc5ey9dfnsr7fgj,133803450
terra167jx0cs890ak7ktrcfzrm95ynvdw0hn8e4e622,62293887969
terra168zq6jf3e5v23ywwrpcj73pwf7cmtg26etf8fq,11791376
terra169jzhm0zutqega5a6gheh2yzsfdau50z73gxgt,54301271
terra169q7x9rvr9e6zsc33hccg28x6jlpnfzd9vt68l,512321336
terra16as7w3r6792djckdstjn3r3yj4uz0raww2y205,21625718162
terra16csm5j4uw3kgf94q0ps0ph692w9ydg5cfhvvz3,104313890
terra16ehfde2d45s6m22fpu8eeepyhcavg6h5j37qs6,11120636
terra16jttwc2lzh2l2tsyj0h2w6ryskq4vy50ehxc0c,18017596
terra16kt44nwsu6789fwevfrcw09jj706p5ykftk4wy,42414747
terra16ldhl6cwap9wj9lvehgdumcec3tn60xh7luzju,203461766
terra16mead0fcjxf40cd5azkwgsy4ytyaratsm4dsk5,1625378428
terra16pketfghlzcez8yue4eue6yrq6535u2yc9dmrd,418036517
terra16qddd8dnpjpxjtwk0ulpkax2vrea2f8q2twx8w,922132531
terra16tjk2wt6nkja0wgzlquq8v93k03wkx5l2r6nh0,66618678
terra16vkwszhw877vz0lc2glyx56hs4r0sy7v3h2plt,10008162238
terra16x7hzpuzpvntnr7ysd2ywyj7svmmpgtzxd9lsa,151032347
terra16yd27xp7nm4r6gpfcgvejtwlnv2unzn064mzyl,164973290
terra16zr5c69h97tzay83yejk668xsankqfgkh8h8n2,19325639125
terra173j380ur09esaj87sm792y0844wueplap4un7f,23600887
terra174echl95gxagu523ey6yupqz6kllahmlr374zu,3698283873
terra1754mm4nksqvfqnvszjy6y9d0q8ym4k39vxeys4,208445442
terra175v29s7e05jlkh36mrt3zp34mhr53c2wwzm0m9,419719238
terra176puvhu5kghp54suy2vc75m6d4qy454szdl3u0,439074162
terra177yttkcxwlppgjye0cx5np8vx77j23sav8766y,18476743
terra178n8ekhsswaxvprm73xrxfckj5pqtcr36zf3wg,1500293728
terra17apc2apha0jcvh67r4zwx6xt990fr54xx09asa,506572973
terra17aq8zcd9644nshjfx8azh42mfpfn2kp0tqwzl4,103459550780
terra17cdqgy28ww254rxv4v9dmx8y26xm2jjkd9ejft,17450665
terra17ek962fm2ftwq66du09y6sgfktrxm2zyy8cqz4,42502111
terra17enuget9n2l6su0rnk6p75j7mlcrt2sfktktp5,59663106
terra17hymgdpvcx334ztwtx5ujhgn8p5rptt423fesm,399150003
terra17judh405t7krfng6ra29aug2rvdlx52v2s9yf0,4801486
terra17mwnd2tuhmh6cckqm4ux7rszws4s7z02mpx8lq,9681794
terra17pj02fsvj0x96x4zq7jm2xpm7npfwzn9ynqyhw,32465110
terra17r8ah45879dl6vqp2ph74jg2fakpkx6tksyyks,1050799186
terra17t6kzm4gkh4f766fysmsgy032y8f564n4lwzcf,1268976100
terra17t9xppr06emr4cfz863xw48eat0phvsdyymcqw,164787276
terra17tnshnlaspxg2squju3erxe8w62ufr4s0g46x3,690249126
terra17v0zwwc2q6r2qhvyvksvuuvzrzftj3j5ktlwcn,10561526
terra17w64wn5jl45lzzf5j9rzsh06qta6fv94dt37py,95391581
terra17x68v5a4lwdmlc0ss70jatf5l7nr6yvt5h6vfj,138672968
terra17zy8p7dnrcuad0f2chmrnfqxwce7duu2t7l3ae,174452856
terra180hwshwq85xtade02mwth7yu3xfxvr62zhjrzq,537605440
terra182vvhxz328vmc4v35e8lq0nw5t009nzgyseumd,93257453
terra182yp5qh48f836s6mcf2k9r9mngdure6npt29ll,712782322
terra183wedumd03fn35wvdlhscqtcgaqaqyt75dj5zm,273442188
terra183xpqfe57sdfjpwqq5xejq9ezhh3k7g6wqgtp9,104624547
terra184k5wafeydyz09hkvvsms4wlmlah0tjjq2rfra,2742239000
terra185u2emnhm39xzpt4qeegq2pxf24qyt0nhddzy4,173929695
terra185x8y5c3gx0uyvmrqhtkqd5y2qcskcfj3t6tzd,18474000
terra186dugdthm5nnmlljz3d8lrmjud0eg9z7mwymzh,1427584979
terra186pefxwkgz5zf2vsz5fk9djx3wy5a7taqrkjql,247761763
terra187nktpfr4xj27qkmfn29lrtuyccefp9trdham6,60863273
terra189dtwu9rqmc4frlgyfwntx3ydexzz57avn87tl,81896966
terra18c56rxflcwe78vrhdjjpgl99ekt5ca3ytjgduj,200220398
terra18c5nw7tnvjtxcr8t78flkh6qs225d3lv8qtuvg,4705587858
terra18cpypw4v90cmepqer2d8q4eu830hj0qw6cj8e3,44417468
terra18d8nsg2efg65h8xl4m7pcvkfnvz2x95fmx4fjg,235726053
terra18dyqse2lcmev4g3zv8ps6kmzj22ey2m9p7hegm,50050009
terra18fdmlqeutr62z46t5xeglhurtrtnp8hqusz69t,18487787
terra18fjjhr9wd8d9t6ss9t59yz75tsd2qdgqxy5y0r,78643786
terra18gngxlv3p8w5q4wrrrsd6sgm9actsw0nfslgn2,2841995123
terra18h5k0tfvyktvmuml0cfutvhc7m242md5wx2p6g,2580800173
terra18jh6njzcdvyjlex79dsqnjkqe4a05khhsavgxx,18494968
terra18kdumcgvvnmgzzdhq0sscppneum83hu02clhk5,37012089
terra18luqv467waf6tdpa3ntrtje0agazhqaux7y85j,41856997
terra18mfuad2c6lg38dcpjmjxl7svavm6cacwjw8l0n,12999999
terra18mhcu75yfxdpmvnuseypqzalws4sk04dxj0len,10002114
terra18nsu0dcctwf2mymatwsaw8kcdaxe965ej87t0v,407497892
terra18pq4aclxwekfqt7kx2ltq8xfcxptl9sq0ywe7f,602587094
terra18rg8cph8nm50n8zxdu97w5gdreqyvmkvf0s5c2,448025513
terra18v7sx4xav85nz2tc3xv8qsg525xnqhs8ej0mer,18493708
terra18vhc4rfsg4sjqu2xnxuhjhw62egc094qlfl3tx,25027371
terra18vrkpqzfr4ep86xumnpf75vvtuup4w70l5mv4y,18294817
terra18vwfmhdrp4xueptkgu89pxpf7ksezylgdyu0nm,1530309156
terra18vzc8rheh5a3hq9mfukl39afkxqk6csf8j6yra,1280913057
terra18xsl6w34wglkags0wc2zuc6szjg6zc8606h0hx,1078875974
terra18y6nhkejuu5at3d2dszfs64gkx7sxkff9mx78r,6904500
terra18ye4jnj3x3wnserw3lpe4t7x7uzr8wmlhx3ace,18490627
terra1904pdzu388k05zsr5y9fxn4mp6jh20ut3n3y4v,97102646
terra19565r0l3nhvjtzj9k0wnfxyeg9lkwm74p2qf4y,11100091396
terra195z09gkvplfhtymhpu3s4cjgkp54adhpyfwggz,3804372295
terra1987cl3mhvwnm8dw942372eg83s8vls8qtesm79,9641438
terra198ejlfn94zxmar8l9pkl2j2sn23ejlsq0z08na,1000024
terra198s2kd3durxq43cwa3plhzp4m7sjn9qffxvp6g,47261122
terra1995q0rlgw42p3jdsrmlxml953t6as520eudkwq,444341680
terra199wml65w3s9dw88q3yydg7n564cjz3hh9ly3q9,3338996775
terra19fvgkkp60he6hscjjulpvly59j457s278f9p34,1085230551
terra19g94chfn4a2lru087aj0ltr9j3m4z9wdl4pj2y,5406306635
terra19j6lpxcrjs8axuww4682r9hwdaphnc06ug22xw,145375578
terra19j8xadzu7r2vr9343y29g80n7j7dtypn2x2agm,5106783035
terra19q0p07jjyazpkaj6ml6g8aj46uqtgm5vc2pcl0,14960558334
terra19razevx90rm0yxmzm5rdzf4axm7yeulshwxdfs,18493708
terra19rz0dtljydrnfr8uqpk7makptx467uks7yqjpg,734708196
terra19s026p0qu2g7eml036k5cq5avueaumkz0kwlcv,20052316
terra19srmd0adps2j90gw7u87yxj5yxy8u3zsq9n97e,26883663
terra19wlc38kyg7fkckktqwxv9wcx6myykd2v2xmy72,2274357
terra19x45fmcfmrnhe35r38xwtutft248ylj8p9mh5j,6319108
terra19y0qpm35tyku0smplx2f9s7e5kdwug0tym2ta2,5237756727
terra19yp35dqsw09fscywlfpgr8f5avaqv0ac26e9n5,75113373
terra1a085xucvd0k4xq9xycfc8uregs3azrn62am3ju,14868820
terra1a0y7xktyt8az2hlszcc45pnlpfkf8y7dvkwy03,317183036
terra1a24cpyw693lskl5qlf3lhywd6m8p92mls7647a,85119700
terra1a3cfr8ufl97hxuyjx2luend23zc669dusd850r,4349730811
terra1a4adczawvgja92ulffwzar2rrdv5gcnhzwhvnd,33119561
terra1a76tynel5djtr7tjs0lrqr2dh35gpqkh2yl0pt,33278842
terra1a7xm5ah2xrxh2dx26qcwe7qpwnasftfu8w9dkk,689569444
terra1a83hz5wklwk7d720469rcc6m35m59l82up820c,125150297
terra1a9eyhp2mux7zkw2k62tqf3rcfkkn28g352h57p,262529654
terra1admev7pq88hu64uwgpsa24hwmvtwngmzp5j9wp,2011389288
terra1adsnxltylr0k6ehsf7yx8a2puh4ge0el32atau,266177501
terra1anf5rsjw7vs5yna0ylnszk7rcrkdzz5n7gl2ux,224315965
terra1apggr5c937lvde90dkay6zyg0nlyq68jev2axa,154890256
terra1apyfxn736lnj5p5qqjas5963qtt3pr02rtg6lz,55762521
terra1arhx6yf0kwe9fvg8c0k7tzzhyny9pnf3v89aqs,27024724
terra1asscc3evphwcarkwyjryrz0kms6uvtsjdgk8yz,10850150747
terra1avhwfz75353s98rurt6fz7vtstdhfd5zscfckv,128597024
terra1axu9055zfqq35vw76j0zkvpxrwxengfhrkzmzv,1062303499
terra1axxyw9edap0m37r2tysnqdhynsxwr3h4c0k7em,539296471
terra1ayrdsctv4zj3szlv8x5wm9vdzdu2gh4fxtkh6d,889958525
terra1azv2mdxa625fehv8mrjj49jfjdn46la6hyxxp7,126110742
terra1c63ynuf2plz36j8tkxd0m0pasyufcvhjgxh2tg,171031204
terra1c6a6g54uuxxj35r83ea7rxn85ygtzcvddwylln,16381335
terra1cardnznmgxkveucmwqa4v76t7u3d8h8ldnevxh,287692510
terra1cawjp8624m5gpp34r8mxvv8x5h7xduftk66ax4,364242730
terra1cct5hmrnvz826tn6qycuqn42kaecrlwklkn2l7,227723539
terra1cdjju75qfjq03wxg2stxc0fplzhfw2dmwlxpye,124651365
terra1cedq8p2clwgc6nmjhc5yqa74dsetzkkxuj5rwp,29859387
terra1cgm2mxkm68la9fsfp364gtcnws94jvlv560v4c,11974759
terra1cjpfejqnm2p3h2hey7jre850zd6r2ehh7vxy5f,493545949
terra1cl3gf4dg4r58fcdjs7h0625egczgh9mj25pk5s,2069687950
terra1clp35sj36us4d6vh9jtpq9n9mku6j90rd4au5m,84793964
terra1cm2kymrwrnyr7d3l6nlvs0yx34uvlusgtq65me,18473310
terra1cmr44dm6hn6ew8qp28mhgrxn8t23009znvekkl,7780267138
terra1cmytq68f2ch84v7ks6x2zkngsng6v3ld2k3k6x,42812875
terra1cpu4gsn6cmqvcc7tenp7dcd3gcdq0j5h8mfrey,877444936
terra1cpwl86t7n6832sgls9xf3ze5wfak2g0f6au5s5,26654705392
terra1crkcmksu6yk4tg4kth88a5yd8q0thz6zxtasaa,632680150
terra1ct2pgpknt4je7p9rcz0q7sep25sw80vp3zayrx,181726277
terra1ctx9lasfnskt6hka22g7xlq6xkdffl8fdlzfer,44923954
terra1cv05vgc9p3mr4w2hxqje0gtua3nqlexmpakxwh,126816799
terra1cvhml9jdf2635hepakh9p5gg6azj68ncgmsktf,1337043572
terra1d02ngl6cfegvy8lqj608vx3hh9zfj3tuampwer,1648524416
terra1d3prudk7twj7x3psc0zskc2z7n2g2vj9rzs2m2,200199407
terra1d3vv03sghfj9lyjrwn76a5kla085mn8wl22jl7,69078132
terra1d4cguap78804yx75hh5u4u2dz2843ag5s57r8y,1158463079
terra1d5j8e78y3zaee7tjawveuzd3s4rxsh373zynxv,3698649455
terra1d7sz9wfce04w7e4876f3wqd7dykfsjaqxjj6ee,7271396
terra1d907wqw786f573zp9mhh4k4enne0v6m46j6hz2,709806143
terra1d99n7zmdr64yksuqe0yhkf93s9m8ldlpg6jj8a,142592015
terra1dguajk3gt53dhezrw28lw3rjq7qpu0a9c4h6sq,82238696064
terra1dhgj5jzsvcw20p968t4xg5xmqduy6g22t080yt,50051634
terra1dk8n99v5m4frrzvw444u8gktws4v2mmnyhtfpg,26023039
terra1dm5kf7lyzx9t7en8grex6vsz8w65nqwadyjq4j,166044546
terra1dm7mkht9r7ssjtz0aaewpx50wruarf8ykneenz,92403789
terra1dmnhhhn2u7vmd2vkp3sqvq6gcz54rw8sq6tpkf,18487571
terra1dp3fxdgpgq95v8r2rwnjm4e4daz24248ks3etq,5942354845
terra1dpgr0jpskktfcg7mr89k4520uelvtvv4dtv6cq,123596492
terra1dq33jfweae6rslms7fsym07mt26mm390rqps9u,5683278
terra1drqj2cf0qsn3c8l7emw0twevr766mwwcnw4pg9,1771887575
terra1ds32t2te5xw48ser6mt5axscd4xdyt4hf4m0qh,51765890
terra1dtpte3fctmvq0k9nxlumwq0z3f3xn299gh6wft,15977897
terra1dva2qxedxppdjcjqmyjn8wd4j2z0qmvy6fv6pe,277564980
terra1dydu2s7ml8w6zye3yt54vcaclu26ec4nej60p2,33088316
terra1dzdf4lvxlzmvta2qm7kht6r4maml45kjrqe3s8,136719864
terra1dzekc2dyqmz5wph4tahmq0qsgjdfpxxeh0t4n9,35512308753
terra1e3e5humtwdlwd3qjqfvr7xnfej6e50j6q4n6mm,15813752
terra1e5p03lmzlmcfqyct6vyy3ekveec7wlwrg3tvmv,5431031531
terra1e66g47axnt2uawz4qj9kv0r54sy3y5g90m9upf,4105362584
terra1e7pxywcehesrjn45u7n89n98r4jafnn6ay7guk,18474785
terra1e7qd69as29w7afdt5mdmc8ne5quq9gfzmya9yu,984300893
terra1e84hqukx45hje6j49eusq90ngrxfan3k2ylstt,1335679302
terra1e89r8d6xute7cxlyt44v8u2a0l9w0qv83kd88f,671305106
terra1e8cqusrvtv7f9yfzr9apz9wrtqvcd4xz0sqdm7,7071026599
terra1e8yme4s882rvpwjkcr335ckhn5zdqut3jaz0ad,645595918
terra1e8z2y8tggcqmdw3aax5mmz27zd8yyycp6uexnw,543812799
terra1ea9jjsrq0vsp9949kk5q25mjctn5yawaxdheky,309980515
terra1edzsv0dezljjkch3jev5z05s30nl2jqwsr4vn8,810516098
terra1eg795wzuptp6fk2p5xt38jmajc25ulgq0v8454,4065541
terra1ehv88d3lsdrhldcampg3g55gv9gr4ms40dd20c,18473221
terra1ek3avx5cy6wupdwm763rvs5zhmkrqhu8z9a6dn,1066659295
terra1ekhxma53ky94zqupumqydxgznmk970deknmln0,336157526
terra1ens89ps6uufa9y0qywpcvv6wflhey800j85tfg,174303612
terra1er3a0nwx3dvc0cnk0m4uc6fqyzksl8l0rhdyng,451381441
terra1esk33wejpq3nmtax2k8w87hxk0zw2cvwt2cvkf,597274687
terra1et206uxkc5u32f6r6w720m05v3qjuwetylgexm,1590674086
terra1ettjtz5sqxs7srrq0cn3pxdc79h7mqfg0q3unu,47561505
terra1eu9mtpnz2frj2wvk0wem8qkj6xttk3q5d7hdth,363765151
terra1ev0w3r2cyu9r9d8u576ld3ppgf4v8xl4cewzq8,18487313
terra1expy0f09t7hhgfhfk8d8d8aqzhuamu8z04jwph,298386003
terra1ey0tpp3uxgruu4ameu7kqa4m8jk42uvrrwx2ku,32580849
terra1f3cdvela3mz0lefjtp5864j9r7p23fugdxdhh2,378363556
terra1f44m6ylrufl3k0ge8txrzjxnmwg9dv4sw52ynt,3001926
terra1f6emztn6xfsrlw2483drkdhp85h9zwuha2smc7,26194250
terra1f8dwryq600p99phrwuwu6aj0jj8qnd5kzxmupr,71463043
terra1f8v8clynqfhcew8ttjehxusng2f28l99cfa859,18310233
terra1f9fn23v5xxkdlsatuznlxvg33xjuj37cumaqum,839841679
terra1fe8e769jxvq2ate2p6uqyp9r6udmczt2fw24fk,17840435
terra1fefmxy0a3057dfzfu6nahvt9dmpcyv8d5qzq6w,403756307
terra1fjzl80lh9e22d5mrkgzt90kmyveuhuju0jnhpq,48365106
terra1fmy0p5jlz2jh4pceuz2mkuphzes8hphq6x8ghq,697133020
terra1fs6dlxvgr59f9t5mtnqnafhj8rptxxltranr0n,281413554
terra1fsqrdk9p8ey48jrf34k7u04a9jykgruf63vga9,624822818
terra1fwp9gnh2lk4s9jt4uw3s4up0x62ckznnx3jhpl,5980317563
terra1fyasx9f9qchxl9ct90xlgsfflwad37ptc9q2qp,482500530
terra1g5g9fdekfxhcpngw5fev8tz8c9fdyg2qt45vwu,900177058
terra1g5ntrj32fw3x2fzjzfmgyu3qw56ylxpccsnemh,230123891
terra1g75270yysdhh87kgc2arrhl03qhpps6hmet859,1413062658
terra1g9y27q0txc656ckj9lwvfv689a4gc3egerejj7,85204488
terra1gad2ycuva54l03un36z72xhtgves6zxwh6j2wn,87971325
terra1gay2szmgzgjt03dh2jvvnu503zg554a3ky5agg,75892250
terra1gcq3l8sl0wnnh6re04z5p29jxazqffg0gvc90m,1109569201
terra1gdjndvdq9aedh879g42uqeadu0ver8snpdwu3c,130137639
terra1gdtsmjs3cjpr044e0d83mkcl8g4vdqje25ucrd,339674689
terra1ge0y0mnhz6adkcedawkny2ztdalx4ms2g8amsx,28482852
terra1gj73nztj0vks8l8sl25am0k9a8j9ple5enual3,573489567
terra1gn5lz5udgwchff4lkr52zmvwy08m9vxpcj07u4,1066344080
terra1gpw0ju75j6q8l5nugvxtwyjdzy9nzg3e2qyt8q,1196436847
terra1gtpgu85f3q6muumm0pmv0u403m9m5fmjn98qag,50059445
terra1gzyzv5ps5peqpzzuyemhm6xx43fzk0tt0qs7zt,25381153
terra1h20htyqvmzl0w9q5xq8cyq4m3ff5ef9vyqr4k3,196503962
terra1h2tjg2rdl9arc30dzy3hufqx2uttx8v3sjvteh,596749404
terra1h364ycm2pdzkuz5p9glu68r8uwa2fz99c2r5gu,804094194
terra1h3trfewkfly7mv2mmzfu5n0u0skktl4w6k2d09,541463978
terra1h4gg9xxw9jdjkqjsy5tfvnk5cs7rq0we4q7hr8,1124267745
terra1h8l44qlc88uerjqqvzavppdzc62ah7dqfefcfr,141857682
terra1hapnlr8k50r96narlc4mckr0vvanyfhjknekxu,279370841
terra1haw6ydaes3w5h9zfg0jntruk3kjk89lm9ufu0q,13000150
terra1hexzdkuz9zt4qlpkhlhxv79k8snpygawlu8ehq,18473222
terra1hg4jra53dv5erwlu346ffhvutzmc3mjx3k0qym,855000184
terra1hmaffnlsqf85r4pp3882rawyuyrdwplu2h8fu2,18492058
terra1hpw9eyg9fmuvhm09x7uhk7llajk72jzv2mvrar,4112981419
terra1ht5sjg0m43ge9hvtg00n3mpryeuxlleq4gwpt0,126624397
terra1hwxnz0al6n3gz7l3lqw6jjg4cck5xqzrqqahzx,5689612
terra1hxwd427tk49a7nh6h3ffk5kgjqk46m6d9nv9n6,3135518652
terra1hy5s5aahjdnvekyx8xh3x85vnmhdxj4yl38pyv,19824513118
terra1hyxq9usxp7fge5lx7qx3k0mqe2u55fv4xptqtc,24258853
terra1j3pc0u9jc4dh2av75nfevs6jdexw4g6m5dscxk,1001127632
terra1j4nd6k9yr6seyety6ndmxsqpnk2axmnywedv0v,209397556
terra1j7az0mljuh27rnhnpdy9g3fwea5h0kf8t78qtc,239071833
terra1j8jx9eta5ntuj7w8g323a02rpr73zq0r0cp6rf,243911285
terra1j992l0uzjqk26hl8lfm4gegjn0ayxmhupes2dt,509524040
terra1jck3c7hpes3h0ww0pvlugsdmapc9dlelmgxw40,6721200
terra1jdv43j6p9q4y9y4mqjhfn5r9q72lfvs0hqw4ye,98362291
terra1jewn56kl9ykhgyd098ptqx4aamh9z8qy2aazt2,10480248509
terra1jeycaxnqv8cy8cvlvt0066rkpswd3hzj6qv3g9,31062540
terra1jgjmazvz2qvsgztfse5drtw6e3hgel2lz0z5g2,30387730
terra1jhernq3v3r7v4ak638m4nkky3edvg5uavza9a3,1961227880
terra1jju32chytfnawkegafvwz3zpagh43a5gjfc359,18473221
terra1jjvpa8dtkeq67p2t9t6y0xmjk7gg687lc8cufc,174753335
terra1jlydnyxmvaz0lttwz6uzucewww8uxsh6gsmk53,39947436
terra1jn9pnuuhus837e9p0cvd3laamdd6s4j8qgf9pd,400000000
terra1jp3m47a409jm7urcwq72sr7tshygyuay5lfwlu,23071332
terra1jp7e0a0y686z555lhvcza7jqa2w90g0md92j7m,3629837549
terra1jqskwg57zc2qlpsedyqp05wwun328wwfdmvj2s,50051634
terra1jrsr8ddlasn9gucnkjm26q9kwr5fp7atu7yu24,18475833
terra1jvars4tut99n2pppmcxjxfh0x8fydpdjxfuuzq,1004534498
terra1jydffurckxw0uzhrzsurdppk2sa228uqsfs98v,173847774
terra1jyl238t0yepuff84eu9l9mzuyqfh4pgq3cvyzm,13311551488
terra1k0jul4ad64fwe7xu3vvpxenk52hgnmwtnukv87,1022732748
terra1k42pc4kt0227atraaxtnwkzd83sjj550zt26m3,871028916
terra1k7sf7sn5mgxu9lw9v333x9yu3tt093k6n2hre8,100009978
terra1ka4hjmpteqx7977s9x79hy52c6zw9qgn4ajrfc,19539649
terra1kcu82urlrd38zxupfjuut8gyfdgzzud7y5e9fs,303344200
terra1kgdkhm0pn5r0rej6cnxd9kl4mrg50eus6fkz9g,267569796
terra1kgtaemw3q5x0chh6t37cfnxfp4x52tgh96hy56,7198419
terra1kk0ls4aqds0wx63uxkw4turlfnxxfewhkml7xa,46942778
terra1kkms7x0x5fa33d4f44r78ce2egkv58h70ls6mq,182581126
terra1kne4ul6n405w769k2p6swx7x4ep30rv24099r8,370519459
terra1kquyluchthr9wyql6ztxka0z4eakj4dcuu65ez,18473483
terra1kr50k8mje0djh8dsp4pv40xel45lv4zm05k55d,104329980
terra1kvr2cznt8ycztcg5xjxex8uyqlz9lzm8ysf2f4,505730361
terra1kx99gejhyv5twqhr8d4q6q27pv8fj46x28qtla,212829163
terra1kzdtperzegql9hh9uhxsrk4a9glz2rr2lm7hvj,18494719
terra1kzmv629uw9286rgk7t76wsxc02n52uqd29qa3e,8033849
terra1kznyy6tta8ju607m9k464me4pyps6wc8emjak9,3573300685
terra1l03flfp2hxrhs0wk3j4z48gktq9e7fds3rp5ku,243911831
terra1l2cl6zeaz6k4a9237y7fvr0f480esycwfzgrlt,31339115
terra1l4839s3zsf4ewsvw67a0j8hgheq0jlzs49uh3j,3499376116
terra1l5h5kkl8cyd7sc09ltzv3javx3kx3270cd5ll9,165256553
terra1l6zue66vhksrx7fnfn552dp0aq0lxfzq7jl28d,237722499
terra1lcm5hvspan4wcksjhva4t3yh2desc00370hphj,490863457
terra1ld5csuhlkayz4mmaprvhps6m6u9w4644hdclsh,83901628
terra1lhjr3eastjp94ncl2dhkawq35e0phxz5qzq4kl,16993389743
terra1lhq2wjehg8g5f68qmscptdkdfh6zcrnkd7uh4z,1792161953
terra1lkp802kmas5mj3v0w07ey7k8aek04vkeu0w96r,18474716
terra1lkv5xe7wh44mdgplge9cs0l7wglsfd0a7jgwtj,76398995
terra1ll5d0x5an8cp76cm9q3rqdg0l59aa3684upqpe,999610003
terra1ll7g0gny3r5jhsctxf7q83rjnk20vyd628f9rj,18484842
terra1lnetz646d0mf6lkfhq3ryhu49r7s6yz30q63hc,99999999
terra1lpcukxapzxsp999vfvkjrsfy6ue3s4nehf2lwe,19087571
terra1lpszmpg98kwp2rn34er77htuzxe7czck29d08j,44254866
terra1lvtk7gme33a8qwc7xagnqemluwxjk948t60fg6,5594548208
terra1lwyt96rnqd3fuutq2j3vm0e5rck3nxvttvfdzm,66767792
terra1lx284mjuugnpvpxum9savz0ux9rq8lzuqv0fek,70724484
terra1lxlc7uuzjvn2plnc9v9huu5epqn5v8tcjrly2f,1332629126
terra1lyt72tnhgv0e3pk0qdtyrvr6h29554gqd2muk2,2548808324
terra1lyx8d2zm42n9prvgqyfzndzqwnrh6d9ghvnvn5,33441689
terra1m04v282pz3lywx2x922hxy74204sg8g0r37z6t,12001578
terra1m26rt8mrcd6r9cvkpe0c6d4hp0x70g9x47jfzn,115098217
terra1m47vq8x79aqj7ce4vjm5r0kla5auwtcqvm9heq,100051991
terra1m5lw5rkr0qsvfqm9laujc6j6dl7s74xsawpflz,76681649
terra1m6g0khyxcqyca92tlm3tgv23gucpsq5j6e9mxs,33742467
terra1m792pv28r2sd9767g9m2aj8qvgkj7dyy3n4fcw,50751508635
terra1m7qh9zcnz06p5rnhad8rzwh4ppq97t96kc4xnm,74221120
terra1ma74kuxv9h820t62qcf5vrq6xqfe4up09kgmvn,226133473
terra1mdlcqh4853ej4y0k4mhu49h9e8ptkc22uqsaua,342468313
terra1me8zgul9dgfazlvkd6t7twp3qp4rp5lc84ky2k,1621790271
terra1mgsszejmtkwacm94ja3se2zzypmurrxxcu05l9,1626325163
terra1mkyxt2zldxn6sxxhs4gpatgza4l6sy7drgt4q8,90174070
terra1mlgutfpjegls7pnndlcnzlufgcv66jf4y53qca,2453391180
terra1ms752weed3huz3l5x2utlvggkcxffxvn888wsn,7007001
terra1mthww38ea56sjmwtswlvy0g4zzjspjwaw3e6t8,1000000
terra1mu6gx7ct654a37zyeyf4ks5lwl0czl4k9jzc5k,87704963
terra1muhk3uhwz5n57pkuq7p2ntj9wj7cnvanq8c4eq,1783667627
terra1mvvz99nvz2mfgnyh7wrd44rhf5cm2leq5adx2x,39230683
terra1mzy6xelrh82mc046emsjf3veuuwuxr2gy7uel4,119940802
terra1n0pmf3nzgcwh8e23nu5yj3y5knyelgusz4aeg0,140531193
terra1n2sg56hqxnwmg08speqlgvlra2jqk2k6qtj62d,5973520
terra1n360hgz7l4h0fqwa3twxt2ukrevcn3c2yvy6xg,303174565
terra1n58j56cv0qfv7gw9kzppmuygxnf4sga2lm2qgj,78159724
terra1n6crs97xmrguyafslksstzaq334d8sh52w4ms3,1795010156
terra1n7x2wsqgyhzw69wmrcnk4sklekdnnucu900jpp,12755077
terra1n8z93ze7mrgt2xzmj389tmc5cnkugu5lvusgcc,73222527
terra1nah9kudfq6h7nyjkpdvlx65tpj5yd356ywvmwq,200220398
terra1ncrls3cpwuy755x840mjgw0q3sa4t43ejarq6l,121088215
terra1nea3a5mn4u2t4va8nd3qh94unnk3g9e2hse4jd,149242061
terra1nfl62cv0m24ufw4a0mt0hpjnpwcl7scsldavfz,17304081
terra1ngh50yj9ckntfcea36rux0zu7mph24758ah63w,49486044
terra1nh02rg8a99vnu2m8c2hl9v4y8yr7xdne7ev2er,3830194
terra1nn22yyt5k8h0l8u5l8pt8hvt7her7me7t5u0rj,62996704
terra1np65kn0xpypg4f9rhllyqyla4syg0mme2c6nrt,10889197522
terra1npq0k8kweuqc3arfshe9sjgfaluzn029dv4wx3,43467012
terra1nq926h6jffcl46fln6pfm288353c5arcnrlym9,70911744
terra1nqe6uk0lqcrathtav4vhsfl65cqw75qyj89j74,120526764937
terra1nrdnrhkuewqapesgjxvj9q68f2xzjjj4hfwvkc,164121195
terra1nrlwy2yx8agd8skmhucew5fjwt0pmv3kgswgr8,144097323
terra1nv0yjaepaxq4d4jk3dcwvc5uam39tm4upzre55,932516445
terra1nvktxg0djr8zxfa2j8zxkp57j84qgsmq5saz82,597236282
terra1p0k9dpzcpt0hsz9ryy4gevxw74z4r8s7qytxwx,524459568
terra1p0rvutvay4vnhqnrlw3g2jdqzkn4tky93mc0ke,517557436
terra1p2a86r2lulkht8h6097hylxj6p6kmcsu99h55u,43257329
terra1p2mfa6d6w05n3smd3panps3a9vz683nw4a5p56,32025336
terra1p3e9u9exchts5zssarp66dguvdmm0x4nxhp8ed,2596820756
terra1p4jpt6mcnvqptln5w22xlqwm6udsxg4eap3rkl,3238311752
terra1p5gz9uan8vctyju57qz9khhx7cc97vgxfvz8wt,16503131304
terra1p6pnpu82nlgc3579c5ucekvhd93l0a7j3gktaf,5218314
terra1pa3wzhfwsc7rdj4pj3vj5g799ffaxnfsp6w8lc,2582410441
terra1palvjtqme7nr4xlrn5d93tuajagwqnlhrrn54v,448978876
terra1pdck33xx2vmx7shz486az5hj2yteuz08fmwuhy,13359190324
terra1pdtvz9ztjsxkh6xtc4ljpdmqxwphh0wsqap08h,3140196714
terra1pewm5jjym2rzseqr9drlpu508mfzf6wfjxf3tw,860363109
terra1ph04qve2dggdjqdvg8tzdhvxdhdn8f25uk3gpw,5005509951
terra1phm5lea7qmrhen5y40r4e8k97hyxv4crahdkar,191440986
terra1plq7xawfwmccnvqxtnzzktjqe4r4sjcsqcwsan,79915856
terra1pmp5pn4jdaew0e2tryz373e8whac40esazmcma,141360406
terra1pmscsgvap3jw6hk2eamzt6fgdkkqwmmgfcwlc2,25162498
terra1pq7k96unkhcxn7kxqn5tn9vrsw79kp2x8psljk,496377219
terra1ptstwemd4puutmvevzklxjf807pcp4ck92gymx,1417745521
terra1pwwaq6ffrmy0hzz89693am0p403s0cckcw4xgn,18027288
terra1pz3ay66gkncrrg747y22dmv027mhm0w8hf9nvs,77418786
terra1q0l5jp30hz92q3vmnjdqzhv7fzt7ucrg9esxzt,403889216
terra1q3vf5sjdr2dnn3ecneudp0ca53yp9lawuclhp8,2904034392
terra1q4ljjfklql0vr0e4tt5geut3cr4qw4nzhu8eak,523074233
terra1qgdfc4tmvyntms27rechmqeg5lg33uf72apa8g,223928207
terra1qgvnp8knehmlxlta72u7pdcfw4ua92pc6cjrsh,1946085012
terra1qjyf4p0wvpk8v2gtjkwzln0mjvn0ste5rpurkq,50056381
terra1qn3ed7zmtmumcxvzy6q0zy6k7d769h0qaykjxr,434459642
terra1qq7x4yz093u6z96q5gq8vmz42wuhf3584hlez5,1389555653
terra1qqka0ky9d9cnccdehavwrrpz64dfen5mkmspud,11505322357
terra1qrnwa552mzf5e4fxqh40x0v7yyzf3jx5jfp6qp,1222337632
terra1qrxnlneg0n5uu2e6mr00ewxdwkczkhmk8qwwj2,256931548
terra1qs39v7m5c4s3qr9azwnvkcp43psqzsgmsnxer7,123542393
terra1qth64p6zqkezu2p8xhj02lrdukar6et20x305z,2058124971
terra1qvhct8r4eezzez3l0fze0tw55hd6u0dcmwjtxh,45045472
terra1qzzdwqwjunz4q2ea9jthnv4zras6869tjj9zu4,113788858
terra1r3spjq6vhzp9gyrzsalnwlf0hd5uye88np5rw3,17921046
terra1r3ykhxvzamk7x2wly9vflfhxhfptc25drr4edj,215771310
terra1r5qmd8xau2ml28cfd0fdtmvn6agd6lazzy4l4a,1724995627
terra1r5rxxqtaxcmfrez84h6y33vrm3mga4cvhkjl7x,18483951
terra1r7dke7zyzk3njkyquanscq70359d5tgmc2zn2e,10011
terra1r7fyr0a2xfaqc3ws2vfkkljmezjn38nqpz6r0v,248663840
terra1r8sg9xm6hve52a03q8pjy5cgxyqrxwqhynpkem,18483255
terra1r9vqn94wvu2ntfx2x72g30f9knnpmk5klv2837,300330597
terra1rayv7q2r4ra3rfyqaqt2kk2xzz0zvtaatnuqp0,46218778
terra1rc6yhv3hhjgryeqzjrmxmr850rhruhjwm5wjfy,1877594081
terra1rhgfgqkanlcvpafnuxr0xhaxe9g7qw6vf0ueem,59709687
terra1rjmpctzf3vj20jp5m544mh52ry8vulv0lc4c36,4188577543
terra1rksuz09vqfgrax2ryyadsy2xrqwzj8j5d275am,33552223687
terra1rlhw624cav7hk2a2vza75s2kr35jsdwx2c80q5,382100478
terra1rn370j404advrp4g8238s38ekmh7h5su0pfgxr,181010898
terra1rn958qdxpt447jh9ye8w6u2pyw5km09dsz4hjp,67332694
terra1rnrq9j0y8pph0raky277srzt8rchw7qf43vufr,331409383
terra1rt2jh8n4xd6kqh0mt7raaef57afnj3lrrj55hm,18018016
terra1rvm42luxjudjaf0ljzducev4wdy4hxljl6zx67,1797220116
terra1rw85fvj2rct9mx3ydw0dvfp4pttckufne2vnlc,159506108
terra1s0xk5m95ldmsqnyq6qh2h0nlyqtkwzu45y55x5,2997253602
terra1s24p6u43vtr7gnrvuzrv0w29aapygx7v6lwelc,39493825
terra1s8sdw5ku6kkez2f005ja3qsr28yp86u8hhgp0f,73462689
terra1sclulqtk7dhap03kjwp2y30s8p6szrx4ufkc4k,999024925
terra1se9f3lxrv6xg79cyrp6zhwd2jkd6vcd6va695k,1624436064
terra1sekkwtaj50jjk2cnp54dhr5nqedyty27fv6nne,59678667
terra1sf5vzpt8j4s05pmmv70rymv5vr099kxtnc7rtn,518537071
terra1sfssfuyvaen95a8awjfcq3q8qg890h05u2ez7h,187575416
terra1sn4xzc9c4mjl38e9ledkzp09sl6snf53mzrnrq,298699584
terra1sptv6h0m5r6xw0xna0jd6s0fdypxl8h2jf9amy,268645782
terra1sqga3k4ndl9vpe9fwgmpar9j7clxttn09z4r7p,101672788
terra1sr00sllsgl24c70yfexkez2k9gf380wwu48m65,138798739
terra1swlg5rsm7n6cdharz77m64rk3s00kp6wzf27e5,200000912
terra1sxmac0jw9sdl6kr3paswftyph8v6hec55gp9qn,19700012
terra1sxt7vhear2sqd34jlmn00f0dsr2ae0tzt2c2lp,18490988
terra1t4jtgjru0lankyhx3ahm8prwjxytaeafj2rldh,723298416
terra1t5a483damtuqjhg8vulz37m58mc64vx44w5xql,31686893
terra1t5nhn7kcvep4mqgcq7p5t3kvdntpz3hg8tf0n9,30030500
terra1t6zxwg4j34jfnk3w3cswgdmadyu9ej53qxw3pf,23581923
terra1t7tar367n6my2syk7er3lu4xfdath9z4q83gc5,158648899
terra1tanwwa7msweumq5lnp6s304eykfft0d6tdfm7c,886225054
terra1tf0wxgawkhf6wa3kdd0egyg2vws4mfd0p79w5f,488912146
terra1tggnxh4fxp2r6aa7xwsq77k3hr6ge8vsup5n7k,30145810
terra1tgux97ela9tfpxaqjsyjp0kep2j75vhk8kxv4c,144729684
terra1tlrsf6zpws000tpl7muxp67cwq3uu02j9qxhzt,23806085
terra1tm2r4f6h60f8t42nwg4heks2ujhs0kf7kdaygg,10920870
terra1tp50j0f3eyt9y3jdwjna0vzyhsvf3wlkvzz27w,3461076
terra1tpny6gga3zllcs3wz4mxxasyv9dczxf63ehwcq,156723303
terra1traa8tfs5qw77xuau4ml3x4z9g00ldet99449l,647869102
terra1trh46r5xazc3akah92vmmracwmddmtdhpk5zv6,77156988
terra1tuksfkzy7dcxy6phkyp2ycjqxkelcdh6v9374q,138203
terra1u2m7vhd4m48qmlms6a6udgwrggj3u5e3udh8wz,147301852
terra1u2p3hsyjxd6072nq8c6ttvumy6telk5t6pqzug,126999956
terra1u3prputlxv54yw9u45qh5khw4gkz9ykmt9s5vf,772502566
terra1u48kjlf2n0s77v0yhkmle58rdqgrqmdam0cv56,1131245249
terra1u58gaqxuhmwd36ckcca949x5q8dts2zdw6gkt8,61818480959
terra1u5gwgzres6jmvmg4q69nkd93zmwxxtcfynvmf9,2084955582
terra1u5k5lkufq5ygzryv35umsnvg996mcfd2csqkgu,18491862
terra1u6a6nx2nc802q442kydtxg0rarc3zumn767awx,103288833656
terra1u6jpusha2xr5z4jmu06gp4lkskt3yknm435shd,72261103
terra1u776k8aeqcx4gkw7hnwklh32ph2eru0hyuzafa,1000424
terra1u9u8t2gaj8h7r3u2nsclkgh8ue6fgyeeqygsqh,41987639096
terra1uapjqtpvjqcf0k9xfe8qk3kqr455zxenwxajac,3694644501
terra1ucde9xfp3c762jav9vghtmv3ft0rafl3tl0rll,18485828
terra1uj6uwqeyqeng6qq4lfhzwxtm7qhylm2x4k929z,774689035
terra1uk6ha3fqz0867suv925hvr3wlhsyw300ytqcq5,272247391
terra1ukh5kyrdf8cxdn7cy8lj5jldy2d29zqt9m0urd,18488172
terra1uky47hnrzraz4xux2mlmft78ckp2a7xce8kjp2,18493946
terra1ukzcrpwa7202mheajt8p5gzx0fscgma5arazd8,888574001
terra1up6rqvaj8uyw4rtymcrla2xm02kjg6xp6a9t3p,34885401383
terra1up7s86swwcapqq9phrgzcrn23m55dn9xufq42l,180471700
terra1uqmf8c4xafjk4mayvl2mj6w8nfndwhsem5r0xl,17884641268
terra1urfz4xw3kqymnns3cpttwrmzlmkv48lvh75g4n,2903042629
terra1usjv053tu8tnza3n5w84xlzx9aza5ccr27ed8t,2085716
terra1uspk5x509vxdrexnwe4t8xn7u8xzzln08h5nru,194947332
terra1uw4s36htpdgf7p47lj40ne2ldr4ec9whl3hd20,4386869
terra1uwrh5dnkcj829xm2p9n4htwkv0z2e24ssm5k79,26681427348
terra1uwv2t93pwq5vxkgmgmrxtevqwl6yqjuyactreh,208159230
terra1uy9t8wz70uslh5h0sg2m6003dlaja0x9vurnju,18479365
terra1uypw34sxwduhm9waxxfzavz5m20ahe66v29lww,181971909
terra1v0j7w0dkr52kzv5g6knslqqgwzaj042zmgsznv,6325580400
terra1v54pj5s4ulttqftaej922wmy9lgfr8up7h7lzy,521477281
terra1v702waf7pfhq43lvdfhgzuxlwpjrpc57f8y0cg,18473275
terra1v7ee0s4t3rj675zqawa95vn0p9av8cwy83jjch,13861366
terra1vek7ls5w2m43lnq99p848497mtjz6ujw3l0r36,2292643069
terra1vpnrrx26puwye0ydkttpv0v6ewu2pjh28h6wer,18483391
terra1vraedrszxsfu9w2g6y44f7eah43tkaphdpt8ul,3696661797
terra1vsmhsc379ny4gv52rt6qzdyuhc3dgp72t4tc2h,13486198
terra1vvslmwu7nqlgu5udh58fz6tz4h892whvh73lsn,61242314
terra1vxdjx7hajjy3whultty9x38sw20xj9nf7xex6f,19667887
terra1vxq9m6xa2xlc6lqvlndlkzn0tdd2makh2ux8q8,1651623374
terra1w2cwzesqw948gf9wg4ug5hwm673ajhmsa70s3n,10000277
terra1w3jmx4l747wzj2x7wdst5tm4qq3k20wmj2q7mu,15231015470
terra1wdaj5xc86ld3er5ktnmf36fj0n77cr0hdmm74c,30660014
terra1wj3shk4lskn5w7sl95wjn5pqex92zwr6vefhkt,470035490
terra1wjmc03xfzwmhc4gj5jjnsvggyn802pnmsatz4w,97038831
terra1wkvpdke05hynvae4qn9w3rjxk7rcxhpp68ruuf,81135886385
terra1wnh075fkj0vxfx9jq5nkc7f6dpxwa29yljmx8v,21705951
terra1wr0pmpxf3mf4c3px0pdqjzqfypew6u0qqp30m0,112244382
terra1wrrt906cs49hqhg6pu7vnzrlem0ga5c2pwqkn8,84004160
terra1wshy7ga7lamctqtgvmz8vaq9yenp0r3lj5sslz,21444087
terra1wuhq55puxujhdhfye3edcj0zg56xg3mr7ursk3,6357036425
terra1wv9euyze287x97hlwqkwchfy63a2mxurx80045,296873179
terra1ww07qgk8hc47am0w6w9xpe3lty9wwa70dhxszl,407262119
terra1wya4z5u82pzfj90qdg4c70vpeg2nxdz7ratx5n,1351950877
terra1x5pwqh5awpjmur6u5heda2sg62fvr2n0xaygv9,149058660
terra1x6383zmu4fnhww2zkt9cj6gss3dmps4duh7klz,390341880
terra1x9xz2hs8fj8gwyttu008grv2t6s5tq8makfkww,208418158
terra1xc06upn25zknmp29rf0vf8fpmludxsk7dklt9e,70204891
terra1xey58mtcl6tjsws9g2748nec7rvzwjn9e0vasx,772548186
terra1xftp6r8a6dpm40vf2ypqe22azplcpxn6dqkqk8,36954976
terra1xg6qez5rrm6vtanj0ss3sn0ua4ympxu53uys6g,182324938
terra1xgzyy7zu2fe5hpn8hrvj2vuj6f7h0xuqjeus0t,970820812
terra1xj85094azt4ssqppdfjjwgkm7g6evce85e3vsz,1001327228
terra1xldrk5fmjcjq6ezyt4gk35luuqy63ql2yj92jd,24787168
terra1xnndpw0hdnqxzuk6n338lsca8898u5qjcp3x8q,7287888301
terra1xqvspgcwfcjvl97l6j6an63j0dy8eg2rd3gktt,129614832
terra1xswthhdas6d5xu4x2ffa3zs2cc7mh80ywfavg4,31695401
terra1xv2zy04gfnm3atea84u28kfru5d7n259uhz5h6,1657383121
terra1y33tfye6wsq067aj0jn6dar5wwa2j292lws87v,82971299
terra1y7dgy46mkh8jprtpcxtqq8ghkq2y68q45t5m4v,36012374
terra1y7ywa7vqcf87wqs9cwhp66n4cean5w0rmdv79f,37777296
terra1y945wth8wmycp0ewl95cwdppcg648xgc5ls680,63115984
terra1yal06xuk9m4y8k828qk7dg0drzfkec6rq9gjxg,18491280
terra1yct7ls8kw3x2ucm66rxg7mgtyvw7kr5v4t4xsx,8476497929
terra1ydpxp9hh2uqw0p53m67mfv6se3ce8qe89zduu3,18493580
terra1ye4uuag93pkm2cy28vqw28prvlx7pd7j7dl7ud,110396517
terra1yfgqltvwpmwwphnrp99rz2ythlj8555gcg7qsy,1136443737
terra1yj6s2zqn922n4c05wpx3rncsd7uxc8zpz43mmn,568994271
terra1ypgp9uud5aryysgtmkxkqx2wa70lrq5lkkr2yy,579810506
terra1yqpdrvzcya0uel32x9dked22k75ygymc746pmd,36272230
terra1ytk0hphc86fl256g5l5s9ea4cqspdgskctdtgh,301587544
terra1yuu2kph8wns4lsutezle0j89y6fvtg0maptmv5,229881009
terra1yux045dvk08utqnljznk0cw0m95zecwzdg2kwf,280306566
terra1yzc68hg0h7tcumpz7wcek6qvyyx632vg9qudre,652094658
terra1z34857c8xjc4mc5kt24s9ycr6qp45wrr0axahd,3698199241
terra1z54ygzptp0ylvsewv7mr4xwhrr83qxahn0ypzc,100296493877
terra1z58lujx9ghx55qq67kmwewn8avs5vrm6hudsct,991433623
terra1z5ljcpwnzzechy8ast6fgrxqmmzusd55sgna8t,18486824
terra1z6dcpsyt6rsr3c7tve3597hhxr34kk00tux3sk,197469136
terra1z6uz6xpehg0rpktvpx3tc73pnp7pkt3a7v3dgc,478517965
terra1z7h3uvq8nnvuqhj6naa039kexkrkudmpndecqj,63389594286
terra1z8035fey72m5dum5kjfch34dyq5negqvp2pmjf,402490228
terra1zaay9ndlzz300a23ayvuth9hw0uswmnndxamaq,182976131
terra1zasmfrjpccj0rv48el68sxva33m0y0xgahh6tv,5237628041
terra1zdrghssxastng2leq0zjarypvx4juzm9zkn6wx,2125788785
terra1zfmmd5dvzp6mnmw6ss7eup7amhz9hxld46sgxu,3917455820
terra1zlhsuxdnd0y5q5mctvs3d5prqqkjyymltzd6nh,702992280
terra1zm3whv33tc6u8hs9vl89qys0suf5lsxxe63r3w,18480709
terra1zn7us9clpqlt8q4kea9juaets5un5gzj9lmv4e,551766239
terra1znjasyuxkhh89wu6hc6xr0mgp5t8urzkef9z63,40133155
terra1zntejhsag9npy4emw625sf524d6ap9qjxmlxhu,127296754
terra1zplyakwujkghfeq9c7mc082jwzkx6arxl5z9zc,11333154
terra1zsv5gm2dfuaqsurnzh4nn4wmylsj9thkdvrxfl,1001188906
terra1zu5vxgnq48rz3ypjwlsc9luj5zua9kmsrt7r4m,517632949
terra1zva9uu547me9nv5an8frlf3kh6pd0hplvtd0n7,8376768
terra1zvdtggkjftew4mz877d0hjm5n2s93ar6ujfsl7,239299027
terra1zwruzrclnacmdsxh4va07yuufd346pnc6ffzku,84432071
terra1zxxf3jqy58qumr0dsuj68djmkn3gth8gyydtpl,514015192
